-- Seed data for users table
INSERT INTO users (user_id, username, email, password, full_name, age, address, resident_id, phone, role, created_at) VALUES
(1, 'admin', 'sabtrack.system@gmail.com', 'pbkdf2:sha256:600000$dummy$dummy', 'System Administrator', NULL, 'Barangay Sabang', NULL, NULL, 'admin', '2024-01-01 00:00:00'),
(2, 'john_doe', 'john@example.com', 'pbkdf2:sha256:600000$dummy$dummy', 'John Doe', 30, '123 Main St, Barangay Sabang', 'RES001', '123-456-7890', 'resident', '2024-01-01 00:00:00'),
(3, 'jane_smith', 'jane@example.com', 'pbkdf2:sha256:600000$dummy$dummy', 'Jane Smith', 25, '456 Oak Ave, Barangay Sabang', 'RES002', '098-765-4321', 'resident', '2024-01-01 00:00:00'),
(4, 'mike_johnson', 'mike@example.com', 'pbkdf2:sha256:600000$dummy$dummy', 'Mike Johnson', 40, '789 Pine St, Barangay Sabang', 'RES003', '555-123-4567', 'resident', '2024-01-01 00:00:00'),
(5, 'sarah_wilson', 'sarah@example.com', 'pbkdf2:sha256:600000$dummy$dummy', 'Sarah Wilson', 35, '321 Elm St, Barangay Sabang', 'RES004', '777-888-9999', 'resident', '2024-01-01 00:00:00'),
(6, 'alex_garcia', 'alex@example.com', 'pbkdf2:sha256:600000$dummy$dummy', 'Alex Garcia', 28, '654 Maple Rd, Barangay Sabang', 'RES005', '111-222-3333', 'resident', '2024-01-01 00:00:00'),
(7, 'emily_davis', 'emily@example.com', 'pbkdf2:sha256:600000$dummy$dummy', 'Emily Davis', 32, '987 Birch Ln, Barangay Sabang', 'RES006', '444-555-6666', 'resident', '2024-01-01 00:00:00'),
(8, 'robert_miller', 'robert@example.com', 'pbkdf2:sha256:600000$dummy$dummy', 'Robert Miller', 45, '321 Cedar St, Barangay Sabang', 'RES007', '777-888-0000', 'resident', '2024-01-01 00:00:00'),
(9, 'lisa_brown', 'lisa@example.com', 'pbkdf2:sha256:600000$dummy$dummy', 'Lisa Brown', 29, '159 Spruce Ave, Barangay Sabang', 'RES008', '222-333-4444', 'resident', '2024-01-01 00:00:00'),
(10, 'david_taylor', 'david@example.com', 'pbkdf2:sha256:600000$dummy$dummy', 'David Taylor', 38, '753 Willow Rd, Barangay Sabang', 'RES009', '555-666-7777', 'resident', '2024-01-01 00:00:00'),
(11, 'anna_anderson', 'anna@example.com', 'pbkdf2:sha256:600000$dummy$dummy', 'Anna Anderson', 26, '246 Ash St, Barangay Sabang', 'RES010', '888-999-1111', 'resident', '2024-01-01 00:00:00'),
(12, 'chris_thomas', 'chris@example.com', 'pbkdf2:sha256:600000$dummy$dummy', 'Chris Thomas', 33, '369 Poplar Ln, Barangay Sabang', 'RES011', '000-111-2222', 'resident', '2024-01-01 00:00:00'),
(13, 'maria_jackson', 'maria@example.com', 'pbkdf2:sha256:600000$dummy$dummy', 'Maria Jackson', 41, '582 Fir Ave, Barangay Sabang', 'RES012', '333-444-5555', 'resident', '2024-01-01 00:00:00'),
(14, 'peter_white', 'peter@example.com', 'pbkdf2:sha256:600000$dummy$dummy', 'Peter White', 27, '147 Elm Rd, Barangay Sabang', 'RES013', '666-777-8888', 'resident', '2024-01-01 00:00:00'),
(15, 'olivia_harris', 'olivia@example.com', 'pbkdf2:sha256:600000$dummy$dummy', 'Olivia Harris', 31, '258 Oak St, Barangay Sabang', 'RES014', '999-000-1111', 'resident', '2024-01-01 00:00:00'),
(16, 'james_martin', 'james@example.com', 'pbkdf2:sha256:600000$dummy$dummy', 'James Martin', 36, '369 Pine Ln, Barangay Sabang', 'RES015', '222-333-0000', 'resident', '2024-01-01 00:00:00'),
(17, 'sophia_thompson', 'sophia@example.com', 'pbkdf2:sha256:600000$dummy$dummy', 'Sophia Thompson', 24, '480 Maple Ave, Barangay Sabang', 'RES016', '555-666-0000', 'resident', '2024-01-01 00:00:00'),
(18, 'william_garcia', 'william@example.com', 'pbkdf2:sha256:600000$dummy$dummy', 'William Garcia', 42, '591 Birch Rd, Barangay Sabang', 'RES017', '888-999-0000', 'resident', '2024-01-01 00:00:00'),
(19, 'isabella_martinez', 'isabella@example.com', 'pbkdf2:sha256:600000$dummy$dummy', 'Isabella Martinez', 29, '702 Cedar St, Barangay Sabang', 'RES018', '111-222-0000', 'resident', '2024-01-01 00:00:00'),
(20, 'jacob_robinson', 'jacob@example.com', 'pbkdf2:sha256:600000$dummy$dummy', 'Jacob Robinson', 34, '813 Spruce Ln, Barangay Sabang', 'RES019', '444-555-0000', 'resident', '2024-01-01 00:00:00');

-- Seed data for schedules table
INSERT INTO schedules (schedule_id, day, area, waste_type, time_start, time_end) VALUES
(1, 'Monday', 'Gen Luna St', 'General Waste', '7:00 AM', '10:00 AM'),
(2, 'Tuesday', 'Q P. Laygo St', 'General Waste', '7:00 AM', '10:00 AM'),
(3, 'Wednesday', '9 Llamar', 'General Waste', '8:00 AM', '10:00 AM'),
(4, 'Thursday', 'Q Monte Claro', 'General Waste', '7:00 AM', '10:00 AM'),
(5, 'Friday', '9 City Park', 'General Waste', '9:00 AM', '10:00 AM'),
(6, 'Saturday', '9 Gen Luna St', 'Bulky Waste', '9:00 AM', '10:00 AM'),
(7, 'Monday', 'Rizal Ave', 'General Waste', '8:00 AM', '11:00 AM'),
(8, 'Tuesday', 'Bonifacio Blvd', 'General Waste', '7:30 AM', '10:30 AM'),
(9, 'Wednesday', 'Mabini St', 'General Waste', '8:30 AM', '11:30 AM'),
(10, 'Thursday', 'Aguinaldo Rd', 'General Waste', '7:00 AM', '10:00 AM'),
(11, 'Friday', 'Del Pilar Ln', 'General Waste', '9:30 AM', '12:00 PM'),
(12, 'Saturday', 'Osmena Ave', 'Bulky Waste', '10:00 AM', '11:00 AM'),
(13, 'Monday', 'Lopez St', 'Recyclables', '6:00 AM', '9:00 AM'),
(14, 'Tuesday', 'Santos Blvd', 'General Waste', '8:00 AM', '11:00 AM'),
(15, 'Wednesday', 'Cruz Rd', 'General Waste', '7:30 AM', '10:30 AM'),
(16, 'Thursday', 'Reyes Ln', 'Recyclables', '6:30 AM', '9:30 AM'),
(17, 'Friday', 'Torres Ave', 'General Waste', '9:00 AM', '12:00 PM'),
(18, 'Saturday', 'Villanueva St', 'Bulky Waste', '10:30 AM', '11:30 AM'),
(19, 'Monday', 'Garcia Rd', 'General Waste', '8:30 AM', '11:30 AM'),
(20, 'Tuesday', 'Fernandez Ln', 'Recyclables', '6:00 AM', '9:00 AM');

-- Seed data for reports table
INSERT INTO reports (report_id, user_id, issue_type, location, description, photo_path, status, created_at) VALUES
(1, 2, 'Illegal Dumping', '123 Main St, Barangay Sabang', 'Garbage dumped illegally on the street corner', NULL, 'pending', '2024-01-01 08:00:00'),
(2, 3, 'Overflowing Bin', '456 Oak Ave, Barangay Sabang', 'Public waste bin is overflowing and needs immediate attention', NULL, 'pending', '2024-01-02 09:00:00'),
(3, 4, 'Blocked Drainage', '789 Pine St, Barangay Sabang', 'Waste blocking the drainage system causing flooding', NULL, 'resolved', '2024-01-03 10:00:00'),
(4, 5, 'Uncollected Waste', '321 Elm St, Barangay Sabang', 'Waste has not been collected for several days', NULL, 'pending', '2024-01-04 11:00:00'),
(5, 6, 'Illegal Dumping', '654 Maple Rd, Barangay Sabang', 'Construction debris dumped in residential area', NULL, 'pending', '2024-01-05 12:00:00'),
(6, 7, 'Overflowing Bin', '987 Birch Ln, Barangay Sabang', 'Waste bin near the park is full and attracting pests', NULL, 'resolved', '2024-01-06 13:00:00'),
(7, 8, 'Blocked Drainage', '321 Cedar St, Barangay Sabang', 'Leaves and trash clogging the street drain', NULL, 'pending', '2024-01-07 14:00:00'),
(8, 9, 'Uncollected Waste', '159 Spruce Ave, Barangay Sabang', 'Garbage bags left out for over a week', NULL, 'pending', '2024-01-08 15:00:00'),
(9, 10, 'Illegal Dumping', '753 Willow Rd, Barangay Sabang', 'Old furniture abandoned on the sidewalk', NULL, 'resolved', '2024-01-09 16:00:00'),
(10, 11, 'Overflowing Bin', '246 Ash St, Barangay Sabang', 'Commercial waste bin overflowing during business hours', NULL, 'pending', '2024-01-10 17:00:00'),
(11, 12, 'Blocked Drainage', '369 Poplar Ln, Barangay Sabang', 'Plastic bags stuck in the gutter causing water backup', NULL, 'pending', '2024-01-11 18:00:00'),
(12, 13, 'Uncollected Waste', '582 Fir Ave, Barangay Sabang', 'Recycling bins not emptied for two weeks', NULL, 'resolved', '2024-01-12 19:00:00'),
(13, 14, 'Illegal Dumping', '147 Elm Rd, Barangay Sabang', 'Hazardous waste containers left in alleyway', NULL, 'pending', '2024-01-13 20:00:00'),
(14, 15, 'Overflowing Bin', '258 Oak St, Barangay Sabang', 'School waste bin overflowing with cafeteria trash', NULL, 'pending', '2024-01-14 21:00:00'),
(15, 16, 'Blocked Drainage', '369 Pine Ln, Barangay Sabang', 'Sand and construction materials blocking storm drain', NULL, 'resolved', '2024-01-15 22:00:00'),
(16, 17, 'Uncollected Waste', '480 Maple Ave, Barangay Sabang', 'Medical waste from clinic not picked up', NULL, 'pending', '2024-01-16 23:00:00'),
(17, 18, 'Illegal Dumping', '591 Birch Rd, Barangay Sabang', 'Tires dumped behind commercial building', NULL, 'pending', '2024-01-17 08:00:00'),
(18, 19, 'Overflowing Bin', '702 Cedar St, Barangay Sabang', 'Apartment complex dumpster overflowing', NULL, 'resolved', '2024-01-18 09:00:00'),
(19, 20, 'Blocked Drainage', '813 Spruce Ln, Barangay Sabang', 'Food waste from market blocking sewer line', NULL, 'pending', '2024-01-19 10:00:00'),
(20, 2, 'Uncollected Waste', '924 Willow Rd, Barangay Sabang', 'Bulk waste from home renovation not collected', NULL, 'pending', '2024-01-20 11:00:00');

-- Seed data for announcements table
INSERT INTO announcements (announcement_id, title, content, created_by, created_at) VALUES
(1, 'Welcome to SABTRACK', 'Welcome to the SABTRACK waste management system. Please report any waste-related issues through our platform.', 1, '2024-01-01 08:00:00'),
(2, 'Waste Collection Schedule Update', 'Please note that waste collection schedules may vary due to holidays. Check the schedule page for updates.', 1, '2024-01-02 09:00:00'),
(3, 'Environmental Awareness Campaign', 'Join our environmental awareness campaign to keep Barangay Sabang clean and green.', 1, '2024-01-03 10:00:00'),
(4, 'New Recycling Program', 'We are introducing a new recycling program. Separate your recyclables for better waste management.', 1, '2024-01-04 11:00:00'),
(5, 'Proper Waste Disposal Tips', 'Learn how to properly segregate your waste into biodegradable, non-biodegradable, and recyclable categories to improve waste management.', 1, '2024-01-05 12:00:00'),
(6, 'Community Clean-Up Event', 'Join us for a community clean-up event this Saturday at the barangay hall. Let''s work together to keep our environment clean.', 1, '2024-01-06 13:00:00'),
(7, 'Hazardous Waste Handling', 'Guidelines for handling hazardous waste: Do not mix with regular trash. Contact authorities for proper disposal methods.', 1, '2024-01-07 14:00:00'),
(8, 'Reduce, Reuse, Recycle Initiative', 'Embrace the 3Rs: Reduce consumption, Reuse items, and Recycle materials to minimize waste and protect the planet.', 1, '2024-01-08 15:00:00'),
(9, 'Waste Management Workshop', 'Attend our upcoming workshop on effective waste management techniques. Register now to learn valuable skills.', 1, '2024-01-09 16:00:00'),
(10, 'Plastic Pollution Awareness', 'Plastic pollution is a growing threat. Reduce single-use plastics and opt for eco-friendly alternatives.', 1, '2024-01-10 17:00:00'),
(11, 'Composting at Home', 'Start composting your organic waste at home. It''s easy, beneficial for the soil, and reduces landfill contributions.', 1, '2024-01-11 18:00:00'),
(12, 'Illegal Dumping Penalties', 'Illegal dumping of waste is prohibited and may result in fines. Help us maintain a clean community by reporting violations.', 1, '2024-01-12 19:00:00'),
(13, 'Eco-Friendly Products', 'Discover eco-friendly products available in our barangay. Support sustainable businesses and reduce environmental impact.', 1, '2024-01-13 20:00:00'),
(14, 'Waste Collection Efficiency', 'Our waste collection services are now more efficient. Expect timely pickups and better coverage in all areas.', 1, '2024-01-14 21:00:00'),
(15, 'Green Living Tips', 'Adopt green living habits: Conserve water, save energy, and minimize waste for a healthier planet.', 1, '2024-01-15 22:00:00'),
(16, 'Recycling Centers Locations', 'Find recycling centers near you. Drop off your recyclables and contribute to a circular economy.', 1, '2024-01-16 23:00:00'),
(17, 'Seasonal Waste Changes', 'During the rainy season, waste collection may be affected. Plan accordingly and store waste securely.', 1, '2024-01-17 08:00:00'),
(18, 'Volunteer Opportunities', 'Volunteer for environmental initiatives. Join clean-up drives and awareness programs in your community.', 1, '2024-01-18 09:00:00'),
(19, 'Waste Audit Results', 'Our recent waste audit shows progress in recycling rates. Thank you for your participation in sustainable practices.', 1, '2024-01-19 10:00:00'),
(20, 'Sustainable Packaging', 'Choose products with sustainable packaging. Reduce plastic waste by selecting biodegradable or reusable options.', 1, '2024-01-20 11:00:00');

-- Seed data for reminders table
INSERT INTO reminders (reminder_id, user_id, schedule_id, enabled, created_at) VALUES
(1, 2, 1, 1, '2024-01-01 08:00:00'),
(2, 3, 2, 1, '2024-01-02 09:00:00'),
(3, 4, 3, 1, '2024-01-03 10:00:00'),
(4, 5, 4, 1, '2024-01-04 11:00:00'),
(5, 6, 5, 1, '2024-01-05 12:00:00'),
(6, 7, 6, 1, '2024-01-06 13:00:00'),
(7, 8, 7, 1, '2024-01-07 14:00:00'),
(8, 9, 8, 1, '2024-01-08 15:00:00'),
(9, 10, 9, 1, '2024-01-09 16:00:00'),
(10, 11, 10, 1, '2024-01-10 17:00:00'),
(11, 12, 11, 1, '2024-01-11 18:00:00'),
(12, 13, 12, 1, '2024-01-12 19:00:00'),
(13, 14, 13, 1, '2024-01-13 20:00:00'),
(14, 15, 14, 1, '2024-01-14 21:00:00'),
(15, 16, 15, 1, '2024-01-15 22:00:00'),
(16, 17, 16, 1, '2024-01-16 23:00:00'),
(17, 18, 17, 1, '2024-01-17 08:00:00'),
(18, 19, 18, 1, '2024-01-18 09:00:00'),
(19, 20, 19, 1, '2024-01-19 10:00:00'),
(20, 2, 20, 1, '2024-01-20 11:00:00');

-- Seed data for notifications table
INSERT INTO notifications (notification_id, user_id, type, title, content, related_id, is_read, created_at) VALUES
(1, 2, 'announcement', 'New Announcement', 'A new announcement has been posted. Check it out!', 1, 0, '2024-01-01 08:00:00'),
(2, 3, 'report_update', 'Report Status Update', 'Your report has been updated to resolved.', 1, 0, '2024-01-02 09:00:00'),
(3, 4, 'schedule_reminder', 'Waste Collection Reminder', 'Waste collection is scheduled for tomorrow in your area.', 1, 0, '2024-01-03 10:00:00'),
(4, 5, 'announcement', 'Community Event', 'Join us for the community clean-up event this weekend.', 2, 0, '2024-01-04 11:00:00'),
(5, 6, 'report_update', 'Report Acknowledged', 'Your report has been acknowledged and is being processed.', 2, 0, '2024-01-05 12:00:00'),
(6, 7, 'schedule_reminder', 'Recycling Day', 'Recycling collection is today. Please prepare your recyclables.', 2, 0, '2024-01-06 13:00:00'),
(7, 8, 'announcement', 'New Recycling Program', 'We have introduced a new recycling program. Learn more!', 3, 0, '2024-01-07 14:00:00'),
(8, 9, 'report_update', 'Report Resolved', 'Your report has been resolved. Thank you for your feedback.', 3, 0, '2024-01-08 15:00:00'),
(9, 10, 'schedule_reminder', 'Bulky Waste Collection', 'Bulky waste collection is scheduled for this week.', 3, 0, '2024-01-09 16:00:00'),
(10, 11, 'announcement', 'Environmental Awareness', 'Participate in our environmental awareness campaign.', 4, 0, '2024-01-10 17:00:00'),
(11, 12, 'report_update', 'Report Pending', 'Your report is still pending review.', 4, 0, '2024-01-11 18:00:00'),
(12, 13, 'schedule_reminder', 'General Waste Pickup', 'General waste pickup is tomorrow morning.', 4, 0, '2024-01-12 19:00:00'),
(13, 14, 'announcement', 'Waste Management Tips', 'Check out our latest tips for better waste management.', 5, 0, '2024-01-13 20:00:00'),
(14, 15, 'report_update', 'Report Update', 'There is an update on your submitted report.', 5, 0, '2024-01-14 21:00:00'),
(15, 16, 'schedule_reminder', 'Collection Schedule Change', 'The collection schedule has been updated. Please check.', 5, 0, '2024-01-15 22:00:00'),
(16, 17, 'announcement', 'Community Meeting', 'Attend the community meeting on waste management.', 6, 0, '2024-01-16 23:00:00'),
(17, 18, 'report_update', 'Report Closed', 'Your report has been closed.', 6, 0, '2024-01-17 08:00:00'),
(18, 19, 'schedule_reminder', 'Holiday Collection', 'Collection schedule for holidays has been posted.', 6, 0, '2024-01-18 09:00:00'),
(19, 20, 'announcement', 'New Features', 'New features have been added to the platform.', 7, 0, '2024-01-19 10:00:00'),
(20, 2, 'report_update', 'Report Feedback', 'Feedback on your report has been provided.', 7, 0, '2024-01-20 11:00:00');

-- Seed data for activities table
INSERT INTO activities (activity_id, user_id, activity_type, description, created_at) VALUES
(1, 2, 'login', 'User logged in to the system.', '2024-01-01 08:00:00'),
(2, 3, 'report_submitted', 'User submitted a new waste report.', '2024-01-02 09:00:00'),
(3, 4, 'schedule_viewed', 'User viewed the waste collection schedule.', '2024-01-03 10:00:00'),
(4, 5, 'announcement_read', 'User read a new announcement.', '2024-01-04 11:00:00'),
(5, 6, 'profile_updated', 'User updated their profile information.', '2024-01-05 12:00:00'),
(6, 7, 'report_updated', 'User updated an existing report.', '2024-01-06 13:00:00'),
(7, 8, 'reminder_set', 'User set a new reminder for waste collection.', '2024-01-07 14:00:00'),
(8, 9, 'notification_read', 'User read a notification.', '2024-01-08 15:00:00'),
(9, 10, 'login', 'User logged in to the system.', '2024-01-09 16:00:00'),
(10, 11, 'report_submitted', 'User submitted a new waste report.', '2024-01-10 17:00:00'),
(11, 12, 'schedule_viewed', 'User viewed the waste collection schedule.', '2024-01-11 18:00:00'),
(12, 13, 'announcement_read', 'User read a new announcement.', '2024-01-12 19:00:00'),
(13, 14, 'profile_updated', 'User updated their profile information.', '2024-01-13 20:00:00'),
(14, 15, 'report_updated', 'User updated an existing report.', '2024-01-14 21:00:00'),
(15, 16, 'reminder_set', 'User set a new reminder for waste collection.', '2024-01-15 22:00:00'),
(16, 17, 'notification_read', 'User read a notification.', '2024-01-16 23:00:00'),
(17, 18, 'login', 'User logged in to the system.', '2024-01-17 08:00:00'),
(18, 19, 'report_submitted', 'User submitted a new waste report.', '2024-01-18 09:00:00'),
(19, 20, 'schedule_viewed', 'User viewed the waste collection schedule.', '2024-01-19 10:00:00'),
(20, 2, 'announcement_read', 'User read a new announcement.', '2024-01-20 11:00:00');
